Age,Gender,Weight (kg),Height (m),Avg_BPM,Session_Duration (hours),Workout_Type,Workout_Frequency (days/week),Experience_Level,Calories_Burned
56,Male,88.3,1.71,157,1.69,Yoga,4,3,1313
46,Female,74.9,1.53,151,1.3,HIIT,4,2,883
32,Female,68.1,1.66,122,1.11,Cardio,4,2,677
25,Male,53.2,1.7,164,0.59,Strength,3,1,532
38,Male,46.1,1.79,158,0.64,Strength,3,1,556
56,Female,58,1.68,156,1.59,HIIT,5,3,1116
36,Male,70.3,1.72,169,1.49,Cardio,3,2,1385
40,Female,69.7,1.51,141,1.27,Cardio,3,2,895
28,Male,121.7,1.94,127,1.03,Strength,4,2,719
28,Male,101.8,1.84,136,1.08,Cardio,3,1,808
41,Male,120.8,1.67,146,0.82,HIIT,2,1,593
53,Male,51.7,1.7,152,1.15,HIIT,3,2,865
57,Male,112.5,1.61,165,1.24,Cardio,3,2,1013
41,Male,94.5,2,136,1.18,HIIT,3,1,794
20,Male,117.7,1.81,161,1.35,Yoga,3,2,1195
39,Female,42.5,1.75,131,1.13,Strength,2,1,740
19,Female,64,1.53,167,1.33,HIIT,3,2,1111
41,Female,43.8,1.77,165,1.19,Cardio,3,1,884
47,Female,66.8,1.75,146,1.13,Strength,3,2,742
55,Female,75.2,1.67,167,1.37,HIIT,2,1,1030
19,Male,89,1.77,127,1.5,Strength,4,2,1048
38,Male,71.9,1.77,142,1.12,Cardio,2,1,875
50,Female,71,1.68,161,1.17,Yoga,2,1,848
29,Male,120.9,1.78,168,0.78,Yoga,2,1,721
39,Female,64.3,1.69,148,1.25,HIIT,4,2,925
42,Female,63.7,1.71,169,1.42,Yoga,3,2,1080
44,Male,65.2,1.8,139,0.73,HIIT,2,1,502
59,Male,53.9,1.75,135,1.48,Strength,4,2,989
45,Male,84.9,1.86,136,1.64,HIIT,5,3,1104
33,Female,78,1.68,135,1.29,HIIT,3,2,871
32,Male,108.2,1.8,138,1.27,HIIT,3,1,964
20,Female,65.4,1.52,127,1.03,Yoga,4,2,654
54,Female,50.2,1.61,157,1.48,HIIT,2,1,1046
24,Female,58.9,1.51,157,1.04,Cardio,2,1,816
38,Male,81.4,1.71,148,1.52,HIIT,5,3,1237
26,Male,127.6,1.73,160,1.32,Strength,3,1,1162
56,Female,59.3,1.56,155,1.26,Cardio,4,2,879
35,Male,96.9,1.71,145,1.34,Strength,3,2,1069
21,Male,62.6,1.81,150,1.3,Strength,4,2,1072
42,Male,45.5,1.6,163,1.31,Strength,3,2,1057
31,Female,48.8,1.51,131,1.48,Cardio,2,1,969
26,Female,44.3,1.6,136,1.08,Cardio,3,1,734
43,Male,113.2,1.83,134,1.45,Yoga,4,2,962
19,Female,60.5,1.59,128,1.14,Cardio,2,1,730
37,Male,124.2,1.76,158,1.5,HIIT,2,1,1304
45,Male,52.4,1.85,161,1.2,Strength,3,1,956
24,Male,54.7,1.74,167,0.84,Yoga,3,1,772
25,Male,88.1,1.95,131,1.41,Cardio,2,1,1016
52,Female,59.7,1.71,151,1.23,Strength,3,1,836
31,Female,79.7,1.54,144,1.03,Cardio,4,2,742
34,Female,51,1.62,158,1.42,Yoga,3,2,1122
53,Male,84.2,1.76,137,1.67,Cardio,5,3,1133
57,Male,122.1,1.89,134,1.13,Cardio,3,1,750
21,Male,96.7,1.72,151,1.26,Strength,3,1,1046
19,Female,73,1.79,125,0.81,HIIT,3,1,506
23,Male,114.8,1.6,163,1.47,Cardio,4,2,1318
59,Female,65.5,1.52,162,1.4,Yoga,3,2,1021
21,Female,50.3,1.52,154,1.08,Cardio,3,1,832
46,Female,61,1.71,153,1.67,Cardio,4,3,1150
35,Female,44.6,1.62,157,0.56,HIIT,2,1,440
43,Female,58.2,1.61,124,1.04,Strength,3,2,580
51,Female,44.8,1.63,137,1.08,Yoga,4,2,666
27,Male,87.5,1.63,135,1.75,Strength,5,3,1299
53,Male,51.8,1.74,127,1.23,Strength,3,2,773
31,Female,64.4,1.7,144,1.97,Strength,5,3,1418
48,Female,67.1,1.61,151,0.62,Cardio,2,1,421
32,Male,85.9,1.6,145,1.99,HIIT,5,3,1587
25,Female,65.4,1.77,141,0.89,Cardio,3,1,627
31,Female,61.1,1.76,150,1.81,Yoga,4,3,1358
40,Male,106.5,1.65,162,1.32,HIIT,4,2,1176
57,Female,64,1.52,129,1.73,Strength,5,3,1004
38,Female,61.4,1.54,131,1.47,HIIT,3,2,963
33,Female,40.5,1.63,147,1.07,Yoga,4,2,786
35,Male,70.1,1.79,125,1.08,Cardio,3,2,743
41,Male,94.1,1.62,139,1.13,Cardio,4,2,777
43,Male,55.5,1.82,124,1.08,Strength,3,1,663
42,Female,53.7,1.72,142,1.37,Cardio,3,1,875
58,Female,66.1,1.75,128,0.63,Cardio,2,1,363
46,Male,103.9,1.77,148,1.18,Yoga,2,1,864
32,Female,61.7,1.58,135,1.87,HIIT,5,3,1262
18,Female,52.3,1.74,165,1.2,Cardio,2,1,990
42,Female,59.5,1.74,141,1.78,Yoga,5,3,1129
24,Female,72.9,1.76,127,0.86,Yoga,3,1,546
26,Female,76.7,1.63,139,1.08,Strength,2,1,751
41,Male,72.1,1.83,133,1.13,Yoga,3,2,744
18,Female,54.8,1.68,158,1.27,Strength,4,2,1003
25,Male,105,1.88,156,1.34,Cardio,3,2,1150
41,Female,55,1.55,169,1.45,Strength,4,2,1103
28,Male,81.6,1.66,153,1.09,Yoga,4,2,917
34,Female,75.6,1.6,130,0.64,HIIT,2,1,416
25,Male,81.5,1.61,159,1.93,HIIT,4,3,1688
52,Female,61.5,1.69,152,1.8,Cardio,4,3,1231
52,Male,74,1.63,150,1.26,Cardio,3,2,936
50,Female,56.4,1.59,163,1.26,HIIT,3,1,924
22,Male,102.6,1.84,153,1.25,Strength,3,2,1052
59,Female,54.6,1.57,169,0.58,Cardio,3,1,441
56,Male,129,1.78,126,1.29,Yoga,2,1,805
58,Male,103.5,1.66,168,1.33,Cardio,3,1,1106
45,Female,59.4,1.51,142,1.15,Strength,4,2,735
24,Female,60.1,1.79,165,1.97,Cardio,4,3,1625
26,Male,77.7,1.62,126,1.16,Yoga,3,2,804
25,Female,41.2,1.62,144,1.49,Yoga,4,2,1073
29,Male,58.6,1.61,122,1.2,Yoga,3,2,805
51,Male,109.3,1.78,157,0.54,Strength,3,1,420
50,Male,69.6,1.96,139,0.97,Strength,3,1,667
40,Female,56.2,1.79,153,1.79,Yoga,5,3,1369
41,Male,71.7,1.96,168,0.51,Yoga,2,1,424
54,Male,86,1.93,163,1.74,Strength,5,3,1404
52,Female,79.4,1.59,163,1.39,Strength,3,2,1020
57,Female,78.4,1.62,149,1.01,Strength,4,2,677
39,Female,55.4,1.6,136,1.44,HIIT,3,2,979
44,Female,61.7,1.55,129,1.41,Strength,4,2,819
52,Male,85.5,1.82,154,1.78,Yoga,4,3,1357
18,Male,87.6,1.93,139,1.72,HIIT,4,3,1315
52,Male,82.4,1.72,137,1.01,Strength,4,2,685
54,Male,67,1.68,164,0.55,Yoga,3,1,446
31,Female,42.3,1.6,163,1.09,Cardio,3,2,888
20,Male,82.7,1.99,146,1.69,HIIT,5,3,1357
18,Male,92.4,1.74,168,1.41,Yoga,2,1,1303
22,Female,63.2,1.54,155,1.02,Cardio,4,2,790
43,Male,82.7,1.85,142,1.22,Yoga,4,2,858
31,Male,86.6,1.76,151,1.29,Strength,3,2,1071
56,Male,129.5,1.95,129,1,Strength,2,1,639
44,Male,98,1.83,130,1.28,Cardio,4,2,824
26,Male,86.2,1.68,157,1.97,Strength,5,3,1701
32,Male,78.6,1.62,125,1.28,Yoga,3,1,880
32,Female,59,1.66,160,0.51,Cardio,2,1,408
43,Female,57.3,1.79,166,1.98,Yoga,4,3,1479
59,Male,122.3,1.89,153,0.66,Yoga,3,1,500
30,Male,85.3,1.95,155,1.61,Yoga,5,3,1373
49,Female,45.2,1.74,156,1.24,Strength,3,2,870
56,Male,55.6,1.92,136,0.68,Strength,3,1,458
49,Male,82.8,1.95,159,1.91,Yoga,5,3,1503
21,Male,125.2,1.66,159,1.38,HIIT,3,2,1207
47,Female,58.5,1.79,131,1.42,Yoga,4,2,837
54,Male,86.1,1.95,140,1.17,Yoga,2,1,811
40,Female,63.5,1.61,159,1.31,Cardio,3,2,1041
56,Male,69.3,1.68,138,0.66,Yoga,2,1,451
32,Female,70.5,1.62,122,1.24,Strength,2,1,756
46,Female,60.1,1.65,137,1.69,Cardio,4,3,1042
53,Male,94.1,1.95,138,0.89,HIIT,3,1,608
30,Female,79.2,1.62,166,1.26,Cardio,4,2,1046
49,Male,115.3,1.91,125,1.38,HIIT,2,1,854
24,Female,62.9,1.79,135,1.42,Cardio,4,2,958
39,Male,62,1.64,127,0.97,Cardio,3,1,678
45,Male,88.5,1.78,167,1.53,HIIT,4,3,1265
19,Female,73.9,1.77,137,1.28,Strength,3,2,877
59,Male,50.3,1.95,167,1.07,Strength,3,1,885
23,Male,83.1,1.8,162,0.7,Strength,3,1,624
45,Female,65.1,1.78,158,1.46,Cardio,3,1,1038
45,Male,46.6,1.79,168,1.46,Yoga,3,2,1214
37,Male,103.5,1.89,168,0.54,Cardio,2,1,499
47,Female,61.9,1.54,131,1.95,Yoga,4,3,1150
28,Female,52,1.61,164,1.32,Yoga,3,2,1082
45,Male,113.4,1.71,129,0.83,Strength,2,1,530
42,Male,62.9,1.98,126,1.42,Yoga,4,2,886
56,Female,40.4,1.8,165,1.23,Cardio,4,2,913
50,Female,67.1,1.75,120,0.67,Cardio,3,1,362
18,Male,70,1.61,168,1.3,Strength,2,1,1201
44,Female,69.5,1.75,155,1.02,HIIT,3,1,711
30,Male,107.9,1.66,140,1.08,Cardio,3,2,832
58,Male,109,1.91,156,1.49,Yoga,3,2,1151
20,Male,101,1.91,143,1.36,Cardio,3,2,1070
56,Male,88.5,1.85,144,1.57,Cardio,4,3,1119
23,Male,80.9,1.8,126,1.55,Cardio,4,3,1074
25,Female,43.1,1.62,161,1.04,HIIT,4,2,837
44,Female,59.1,1.52,136,1.58,Yoga,5,3,967
26,Female,54,1.53,148,1.14,Strength,3,1,844
54,Female,72.3,1.78,149,1.27,Cardio,2,1,852
50,Male,51.1,1.98,126,0.92,Yoga,2,1,574
59,Male,89.4,1.72,152,1.08,Yoga,3,1,813
41,Male,51.5,1.8,126,1.09,Strength,4,2,680
32,Male,87.9,1.88,143,1.52,Cardio,5,3,1195
49,Female,42,1.52,130,1.1,HIIT,3,1,644
49,Male,79.2,1.72,128,1.46,Yoga,3,1,925
41,Male,64.8,1.71,131,1.2,Strength,3,2,778
58,Female,63,1.78,154,1.58,HIIT,4,3,1095
29,Female,56.2,1.77,123,0.68,Yoga,3,1,418
56,Female,52.9,1.64,155,1.1,Cardio,3,2,767
19,Female,49,1.69,147,1.05,Yoga,3,1,772
20,Male,128.2,1.84,132,0.83,HIIT,3,1,603
54,Male,83.6,1.86,142,1.54,HIIT,5,3,1082
34,Female,56.2,1.77,138,1.81,Cardio,5,3,1249
19,Male,87.8,1.78,161,1.28,Cardio,2,1,1133
19,Male,85.9,1.85,156,1.66,Strength,4,3,1424
45,Male,51.1,1.87,158,1.44,Cardio,4,2,1126
40,Female,57.4,1.71,143,1.87,Strength,5,3,1337
54,Male,114.9,1.92,135,1.2,HIIT,4,2,802
49,Female,62.1,1.66,152,1.37,HIIT,3,2,937
50,Male,57.1,1.91,131,1.09,Yoga,4,2,707
18,Male,68.1,1.8,153,1.1,Yoga,4,2,926
36,Male,69.2,1.65,126,1.23,Strength,3,1,852
19,Female,65.2,1.52,130,1.23,Cardio,3,1,800
43,Male,108.6,1.73,150,1.33,Cardio,2,1,988
49,Female,40,1.65,148,1.03,Yoga,3,2,686
23,Female,41.9,1.58,132,0.56,HIIT,3,1,370
49,Female,68.3,1.52,150,1.45,Strength,4,2,979
21,Male,88.4,1.6,121,1.71,HIIT,4,3,1138
28,Male,66,1.9,158,1.18,HIIT,3,1,1025
34,Male,71.9,1.64,134,1.26,Cardio,4,2,929
55,Male,75.6,1.71,130,1.03,Strength,4,2,663
41,Female,63.4,1.59,153,1.84,HIIT,5,3,1267
22,Female,71.6,1.77,158,1.49,Yoga,3,1,1177
51,Female,57.4,1.77,123,1.08,Yoga,4,2,598
23,Male,83.8,1.99,130,1.79,Cardio,4,3,1280
39,Female,55.9,1.71,148,1.95,Yoga,5,3,1443
28,Male,87,1.76,121,1.2,Yoga,3,2,799
33,Female,65.3,1.71,135,1.18,HIIT,4,2,796
50,Male,45.4,1.67,158,1.37,Yoga,4,2,1071
26,Male,87.1,1.87,132,1.71,Yoga,4,3,1241
23,Female,78.6,1.73,156,1.47,HIIT,4,2,1147
33,Female,78,1.71,136,1.08,Cardio,3,1,734
46,Female,58,1.53,140,1.83,Cardio,4,3,1153
20,Female,71.3,1.69,163,1.28,Strength,3,2,1043
37,Male,49.1,1.74,138,1.11,Yoga,3,2,842
53,Female,78.3,1.65,126,1.24,HIIT,3,1,703
36,Female,57.3,1.64,157,1.13,Strength,4,2,887
43,Female,48.4,1.61,127,1.28,Cardio,2,1,732
20,Male,76.4,1.62,132,1.35,Cardio,4,2,980
36,Male,110.2,1.77,156,1.19,HIIT,2,1,1021
37,Female,72.9,1.76,121,1.21,Strength,3,2,732
49,Male,82.1,1.86,160,1.87,Strength,4,3,1481
24,Female,58.9,1.76,130,0.63,HIIT,3,1,410
58,Male,82.2,1.87,143,1.57,HIIT,4,3,1111
50,Male,96.7,1.72,125,1.46,Strength,3,2,903
57,Male,81.4,1.86,145,1.8,Cardio,5,3,1292
56,Male,107.8,1.73,126,1.09,Yoga,3,2,680
35,Female,65.8,1.62,158,1,Cardio,4,2,790
57,Female,68.5,1.56,138,1.45,HIIT,4,2,900
18,Female,63.9,1.59,125,1.87,Strength,4,3,1169
28,Male,76.3,1.62,162,1.16,Strength,3,2,1034
45,Female,44.5,1.65,148,1.44,Yoga,3,1,959
42,Female,50.7,1.75,162,1.29,Strength,3,2,940
40,Female,55.1,1.61,158,1.55,Yoga,4,3,1224
48,Male,73.7,1.61,121,1.36,Cardio,4,2,815
47,Male,55.6,1.77,138,1.2,Cardio,4,2,820
59,Male,86.9,1.76,123,1.13,Strength,3,2,688
52,Female,60.3,1.68,125,1.6,Strength,4,3,900
24,Female,40.4,1.64,168,0.99,HIIT,2,1,832
33,Female,78.5,1.66,156,1.29,HIIT,4,2,1006
43,Male,102.6,1.72,147,0.82,Strength,2,1,597
19,Male,110.8,1.91,149,1.31,Strength,2,1,1074
18,Female,60.9,1.79,126,1.11,Cardio,2,1,699
29,Male,55.7,1.61,128,1.41,Strength,3,1,993
22,Male,110.5,1.92,144,1.16,HIIT,3,2,919
54,Male,55.2,1.71,152,0.77,Cardio,2,1,579
49,Male,46.5,1.72,120,1.4,Yoga,4,2,832
26,Female,70.9,1.66,125,0.81,HIIT,3,1,506
58,Male,74.6,1.75,137,1.09,HIIT,2,1,739
52,Male,45.1,1.72,129,0.93,Cardio,2,1,594
36,Male,99.9,1.99,147,1.33,Yoga,3,1,1075
33,Male,117,1.61,130,1.04,HIIT,3,2,744
20,Female,75.9,1.73,152,1.39,Strength,4,2,1056
37,Female,71.2,1.64,120,1.11,HIIT,3,2,666
41,Male,78.8,1.72,132,1.01,Cardio,4,2,660
50,Male,50.6,1.69,156,1.31,Cardio,2,1,1012
41,Male,82.5,1.79,139,1.69,Cardio,4,3,1163
28,Male,108.5,1.79,120,1.33,HIIT,4,2,878
25,Male,49.9,1.98,122,1.15,Yoga,3,2,772
53,Male,125.1,1.91,137,0.52,Strength,2,1,353
55,Female,79.7,1.66,160,1.06,Cardio,2,1,763
57,Male,126.8,1.63,133,0.96,Yoga,2,1,632
37,Female,54.6,1.57,150,1.31,Strength,3,1,982
52,Female,47.8,1.54,146,1.34,Cardio,3,2,880
42,Male,97.9,1.91,136,1.01,Strength,3,2,680
52,Female,63.1,1.54,165,1.36,Strength,3,2,1010
42,Female,72.4,1.69,148,1.07,Yoga,3,2,713
46,Female,58.9,1.7,155,1.52,Strength,4,3,1060
35,Female,50.4,1.6,156,1.03,Cardio,4,2,803
35,Female,64.2,1.59,145,1.63,Yoga,5,3,1182
19,Female,58.8,1.77,136,1.4,HIIT,2,1,952
52,Male,105.2,1.62,141,1.36,HIIT,3,1,949
33,Female,45.9,1.5,144,0.92,Yoga,3,1,662
58,Female,65.2,1.63,121,1.12,HIIT,3,2,610
53,Female,56.3,1.79,141,1.52,Strength,5,3,964
50,Male,90,1.7,124,0.81,Cardio,2,1,497
21,Female,60,1.7,123,1.97,Strength,5,3,1212
50,Male,51.5,1.71,155,1.48,Yoga,2,1,1136
31,Female,63.1,1.64,125,1.54,Cardio,4,3,962
38,Male,91.5,1.77,140,0.8,Yoga,2,1,616
37,Male,48.7,1.67,132,1.39,Yoga,2,1,1009
25,Female,57.8,1.56,156,1.35,Yoga,3,2,1053
24,Female,42,1.75,144,0.83,Strength,3,1,598
20,Male,128.4,1.92,145,0.63,Cardio,2,1,502
34,Female,74.2,1.57,158,1.47,Cardio,3,1,1161
50,Male,89.6,1.68,139,1.79,Cardio,5,3,1232
29,Male,125.9,2,152,1.36,Strength,4,2,1137
39,Male,105.5,1.99,133,0.81,HIIT,2,1,593
39,Male,93.4,1.7,155,1.1,Strength,4,2,938
47,Male,82.1,1.84,136,1.37,Strength,4,2,922
55,Female,42.9,1.69,140,0.9,Yoga,2,1,567
55,Male,128.4,1.68,165,1.13,Cardio,4,2,923
25,Male,112.4,1.96,135,1.42,Cardio,2,1,1054
44,Female,77.7,1.79,165,1.41,HIIT,3,1,1047
44,Male,89.3,1.99,135,1.4,HIIT,4,2,936
51,Female,70.3,1.55,139,1.4,Yoga,3,1,876
38,Female,59.1,1.72,148,1.07,Cardio,3,2,792
47,Female,49.9,1.69,147,1.48,HIIT,3,2,979
50,Male,101.7,1.67,127,0.53,HIIT,2,1,333
45,Male,93,1.91,143,1.03,Cardio,3,2,729
50,Male,87.4,1.6,122,0.77,Strength,2,1,465
22,Female,55.1,1.61,144,1.62,HIIT,4,3,1166
36,Male,123.7,1.69,138,1.3,Cardio,4,2,987
21,Female,61.3,1.57,152,1.94,HIIT,4,3,1474
52,Male,72.3,1.94,121,1.46,Yoga,3,2,874
34,Female,69.2,1.53,134,1.36,HIIT,2,1,911
45,Male,81.4,1.61,141,1.14,Cardio,4,2,796
47,Male,84.8,1.86,129,1.85,HIIT,5,3,1181
46,Male,55.1,1.72,137,1.43,Yoga,3,2,970
23,Female,59,1.78,141,1.67,Yoga,5,3,1177
52,Female,64.9,1.51,165,1.83,HIIT,4,3,1359
58,Male,109.7,1.75,168,1.01,HIIT,2,1,840
54,Male,78.4,1.9,146,0.81,Yoga,2,1,585
41,Female,76.7,1.79,132,1.4,Yoga,4,2,832
46,Female,63.1,1.61,152,1,Strength,4,2,684
48,Female,62.9,1.58,124,1.98,Strength,4,3,1105
52,Male,85.6,1.74,145,1.84,Yoga,4,3,1321
50,Female,66.3,1.57,132,1.25,HIIT,2,1,742
38,Male,61.3,1.97,146,1.37,Cardio,3,1,1100
49,Female,44.1,1.65,133,1.16,HIIT,4,2,694
40,Male,63.8,1.62,143,1.3,HIIT,2,1,1022
50,Female,55.4,1.55,122,1.85,Strength,4,3,1016
20,Female,74.7,1.58,166,1.04,Strength,3,2,863
35,Female,78,1.67,168,1.13,Strength,4,2,949
42,Female,57.5,1.67,149,1.14,Yoga,2,1,764
59,Female,60.7,1.73,154,1.03,Yoga,3,2,714
48,Male,69,1.74,167,1.48,HIIT,3,2,1223
20,Female,75.8,1.78,133,1.42,HIIT,4,2,944
57,Female,75.7,1.63,131,0.69,Cardio,3,1,407
41,Female,71.2,1.64,147,1.42,HIIT,3,2,939
49,Male,85,1.68,163,1.82,HIIT,4,3,1468
39,Female,63.6,1.56,148,1.22,Strength,2,1,903
40,Male,73.2,1.94,162,0.81,Strength,2,1,722
19,Female,48.3,1.52,136,0.96,Strength,2,1,653
44,Female,42.8,1.78,159,1.49,Strength,3,2,1066
59,Male,88.1,1.76,168,1.35,Strength,3,2,1123
19,Female,72.4,1.75,140,1.2,Cardio,4,2,840
43,Male,73.2,1.88,142,1.17,Cardio,3,1,822
34,Male,110.5,1.86,139,1.42,Cardio,2,1,1086
57,Female,46.1,1.76,130,1.44,Strength,3,2,842
50,Male,90.8,1.71,153,1.07,Yoga,4,2,810
26,Female,59.3,1.51,129,1.7,Strength,5,3,1096
56,Female,45.1,1.73,129,0.83,Strength,3,1,482
46,Male,45,1.77,162,1.48,Cardio,3,2,1187
59,Male,89.4,1.62,125,1.43,Strength,3,2,885
43,Male,127.7,1.69,155,1.14,Cardio,3,2,875
52,Male,70.9,1.72,143,1.31,Strength,3,2,927
42,Female,49.2,1.5,131,1.15,HIIT,3,2,678
41,Female,62.3,1.79,162,1.99,Yoga,5,3,1451
30,Male,64.1,1.87,142,0.64,Yoga,2,1,500
24,Female,69.7,1.75,146,1.41,Cardio,3,1,1029
53,Female,56.9,1.59,164,1.49,HIIT,3,2,1100
37,Female,53,1.71,156,1.13,Yoga,4,2,881
18,Female,72.7,1.55,125,0.84,Cardio,3,1,525
25,Male,76.5,1.96,120,0.67,Strength,3,1,442
33,Male,113.6,1.99,125,1.38,Strength,2,1,949
31,Female,62.5,1.62,169,1.56,HIIT,4,3,1318
29,Male,95.2,1.86,141,0.64,Yoga,2,1,496
40,Male,51.7,1.82,160,0.9,Strength,3,1,792
32,Male,105.3,1.67,143,0.57,Cardio,3,1,448
45,Female,71.2,1.68,144,1.37,Strength,3,1,888
51,Female,78.1,1.51,134,0.92,Strength,3,1,555
19,Female,50.6,1.68,145,1.21,Yoga,3,2,877
49,Male,70.2,1.89,127,0.7,Yoga,3,1,440
40,Female,62.6,1.53,143,1.93,Cardio,5,3,1380
39,Female,60.6,1.65,167,0.92,HIIT,3,1,768
42,Male,76.4,1.97,157,1.14,HIIT,3,2,886
39,Female,63.3,1.71,125,1.88,Strength,4,3,1175
39,Female,68.6,1.64,154,1.33,Cardio,3,2,1024
59,Male,123.3,1.88,161,1.3,HIIT,4,2,1036
23,Male,107,1.94,120,1.35,HIIT,2,1,891
32,Male,68.3,1.92,165,1.42,Strength,2,1,1289
54,Female,47.8,1.6,155,1.19,Cardio,4,2,830
50,Female,58.4,1.79,131,1.6,HIIT,4,3,943
25,Female,74.3,1.71,157,1.43,Yoga,3,2,1123
22,Male,106.8,1.82,130,1,Yoga,4,2,715
56,Male,125.5,1.8,131,1.26,Strength,4,2,817
21,Female,55.2,1.55,161,1.37,Strength,4,2,1103
23,Female,71.4,1.72,169,1.25,Strength,2,1,1056
49,Male,77.7,1.61,158,1.03,Strength,3,2,806
47,Male,88.4,1.6,126,1.86,HIIT,5,3,1160
52,Male,104.8,1.99,130,0.93,Cardio,2,1,598
57,Male,82.2,1.69,155,1.15,Strength,4,2,882
33,Female,68.2,1.75,150,0.85,Strength,2,1,638
30,Male,91.4,1.99,152,1.37,HIIT,3,2,1145
59,Female,42.1,1.65,132,1.22,Strength,2,1,725
47,Female,68.7,1.76,137,1.37,Strength,3,2,845
36,Female,47.2,1.74,160,1.5,Cardio,4,2,1200
34,Male,92,1.76,143,0.73,Yoga,3,1,574
36,Male,56.2,1.95,128,1.09,Strength,4,2,767
45,Male,58.4,1.72,150,1.31,HIIT,4,2,973
43,Male,82.9,1.95,160,1.9,Cardio,5,3,1505
54,Female,66.9,1.74,129,1.24,HIIT,2,1,720
43,Male,66.3,1.85,121,1.18,Cardio,2,1,707
40,Male,93.6,1.93,157,1.38,Cardio,3,1,1192
26,Female,64.1,1.5,134,1.93,Strength,5,3,1293
29,Male,86.7,1.62,122,1.52,Strength,4,3,1020
18,Female,62,1.59,162,1.23,Strength,4,2,996
18,Female,58.1,1.61,150,1.9,Yoga,4,3,1425
51,Female,64.9,1.6,125,1.49,Yoga,4,2,838
49,Female,69.3,1.62,122,1.14,HIIT,4,2,626
42,Female,42.7,1.74,130,1.04,Strength,3,1,608
57,Female,51.4,1.63,134,1.2,Yoga,4,2,724
18,Female,67.4,1.6,164,0.6,Strength,3,1,492
33,Female,55.6,1.61,147,1.77,Yoga,4,3,1301
56,Male,125.3,1.86,129,1,Yoga,3,2,639
22,Male,102.1,1.85,157,1.48,Cardio,4,2,1278
39,Male,61.9,1.77,166,1.32,Strength,3,1,1205
46,Male,108.8,1.64,169,1.4,Strength,3,1,1171
20,Female,51.1,1.58,169,0.5,Yoga,2,1,422
29,Male,81.7,1.99,126,1.45,Strength,2,1,1005
43,Female,42.7,1.66,134,0.73,Yoga,2,1,440
33,Male,81.8,1.99,137,1.59,Strength,4,3,1198
54,Male,54.6,1.76,137,1.28,Cardio,4,2,868
39,Male,107.7,1.88,160,0.72,Strength,2,1,634
46,Female,56.9,1.6,143,0.88,Cardio,3,1,566
31,Male,78.8,1.71,121,1.49,HIIT,4,2,992
45,Female,48.2,1.64,159,1.25,Strength,4,2,894
22,Female,50.7,1.59,139,1.27,Strength,3,2,883
47,Male,86.6,1.99,153,1.98,Strength,4,3,1500
22,Male,96.3,1.63,162,1.35,Cardio,4,2,1203
29,Male,80.8,1.98,145,1.65,Strength,5,3,1316
33,Female,58,1.53,126,1.84,Strength,5,3,1159
43,Male,95.9,1.85,157,1.28,Yoga,2,1,995
43,Female,61.5,1.58,149,1.86,HIIT,5,3,1247
38,Female,40.6,1.79,161,0.62,Cardio,2,1,499
56,Male,82.5,1.87,124,1.51,Yoga,5,3,927
53,Male,105.1,1.84,130,0.69,Cardio,3,1,444
50,Female,58.1,1.58,120,1.93,Yoga,5,3,1042
47,Female,61,1.76,153,1.54,HIIT,5,3,1060
54,Female,64.5,1.53,120,1.74,Yoga,4,3,940
40,Male,58.2,1.98,138,1.43,Cardio,3,2,1085
27,Female,69.5,1.76,121,0.94,Strength,3,1,569
22,Male,62.2,1.84,140,0.51,Strength,3,1,393
53,Female,68,1.7,139,1.06,HIIT,4,2,663
51,Female,56.3,1.5,142,1.43,Cardio,3,1,914
48,Male,94.5,1.7,140,1.01,Cardio,3,2,700
27,Female,58,1.79,143,1.39,Cardio,2,1,994
36,Male,84,1.94,123,1.8,HIIT,5,3,1218
49,Male,61,1.87,131,1.14,Strength,4,2,739
18,Female,64.8,1.53,141,1.98,Yoga,5,3,1396
22,Male,45.7,1.77,139,1.04,HIIT,3,1,795
21,Male,80.9,1.9,137,1.8,Yoga,4,3,1356
33,Female,64.1,1.63,120,1.58,Strength,5,3,948
41,Male,67,1.77,149,1.22,HIIT,3,2,900
33,Male,106.5,1.6,152,1.4,Strength,4,2,1170
19,Male,95.1,1.85,143,1.21,Yoga,4,2,952
45,Female,65.5,1.57,133,0.66,Cardio,2,1,395
49,Male,105.7,1.64,155,1.2,Cardio,3,2,921
44,Female,48,1.76,124,0.88,Yoga,2,1,491
37,Female,69.5,1.5,130,0.69,Cardio,2,1,448
41,Male,66.1,1.69,143,0.77,Yoga,2,1,545
29,Male,68,1.7,150,0.76,HIIT,2,1,627
52,Male,50.3,1.78,132,0.85,HIIT,2,1,555
50,Female,69.3,1.68,135,1.2,HIIT,2,1,729
50,Male,86.7,1.63,143,1.7,Cardio,4,3,1203
54,Male,125.9,1.94,132,1.35,Strength,3,2,882
29,Male,88.1,1.93,143,1.88,Cardio,5,3,1479
20,Male,124.3,1.82,145,1.25,Cardio,3,2,997
18,Male,62,1.85,121,0.88,Strength,3,1,586
50,Female,69.7,1.72,135,1.24,Strength,4,2,753
57,Female,60.9,1.52,157,1.31,Strength,3,2,926
27,Male,76.5,1.97,165,1.13,Strength,2,1,1025
46,Male,94.7,1.82,120,1.47,Cardio,3,2,873
30,Male,67.9,1.75,168,1.25,Yoga,2,1,1155
29,Male,121.1,1.87,130,1.31,HIIT,4,2,937
48,Female,71.5,1.64,154,1.46,Yoga,4,2,1012
19,Male,98.6,1.7,162,0.83,Cardio,2,1,740
52,Female,68.2,1.63,148,1.17,Strength,3,1,779
40,Female,57.7,1.69,156,1.18,HIIT,4,2,920
34,Male,124.6,1.63,136,1.41,HIIT,3,2,1055
43,Female,73,1.59,158,1.31,Yoga,3,1,931
25,Female,59.4,1.51,161,1.62,Cardio,5,3,1304
46,Female,52,1.65,147,0.7,Cardio,2,1,463
43,Female,42.2,1.65,148,1.33,Cardio,3,2,886
27,Male,89.3,1.64,162,1.82,HIIT,4,3,1622
43,Male,110,1.76,122,1.09,Yoga,3,1,658
51,Female,66.2,1.58,129,0.86,HIIT,3,1,499
58,Male,58.6,1.66,161,1.21,HIIT,2,1,964
24,Male,51,1.67,133,0.97,Strength,3,1,710
21,Male,101.5,1.95,131,0.97,Yoga,3,1,699
28,Male,114.2,1.87,166,1.05,Strength,3,2,959
46,Male,54.4,1.72,161,0.91,Cardio,2,1,725
53,Female,52.4,1.57,149,1.34,HIIT,3,2,898
42,Male,85.2,1.81,151,1.54,Yoga,5,3,1151
38,Male,83.6,1.74,151,1.66,Cardio,5,3,1379
53,Male,115.4,1.92,161,1.36,Yoga,4,2,1084
27,Male,71.2,1.97,151,0.74,HIIT,3,1,615
54,Female,78.1,1.6,145,1.1,Yoga,4,2,718
26,Female,54.2,1.65,120,1.07,Cardio,4,2,642
41,Female,77.6,1.76,161,1.27,Strength,4,2,920
52,Female,44.1,1.62,121,1.41,HIIT,3,1,768
52,Male,85.5,1.8,136,1.7,Strength,5,3,1144
53,Female,47.8,1.76,149,1.06,HIIT,4,2,711
35,Male,102.5,1.94,158,0.84,Cardio,2,1,730
56,Male,118,1.9,126,0.66,HIIT,2,1,412
49,Male,82.3,1.84,146,1.29,Strength,4,2,932
41,Male,81.6,1.87,128,1.87,HIIT,5,3,1185
40,Male,60.2,1.88,141,1.22,Cardio,3,2,946
49,Female,49.2,1.54,153,1.28,HIIT,3,2,881
54,Female,46.6,1.5,165,1.38,Strength,2,1,1025
29,Female,68.7,1.72,168,1.08,Cardio,4,2,907
30,Female,60.6,1.55,120,1.3,Strength,3,2,780
40,Male,52.1,1.61,128,0.87,HIIT,2,1,612
42,Female,46.6,1.77,139,0.61,Yoga,2,1,382
52,Male,65.5,1.74,138,1.48,Strength,4,2,1011
58,Female,44.2,1.57,155,1.08,HIIT,3,1,753
47,Male,89.1,1.84,159,1.44,Yoga,3,2,1133
34,Male,65.9,1.62,164,0.81,Yoga,2,1,731
37,Female,55.6,1.57,123,0.97,Cardio,2,1,597
42,Male,63.7,1.98,128,1.37,Yoga,2,1,868
39,Male,86.2,1.82,160,1.96,Strength,5,3,1725
30,Female,59.2,1.63,141,1.85,Strength,4,3,1304
36,Male,85.4,1.88,137,1.98,Yoga,5,3,1492
53,Female,68.1,1.55,131,1.41,HIIT,4,2,831
29,Female,60,1.62,161,0.85,Strength,2,1,684
58,Female,74.8,1.69,162,1.28,Strength,4,2,933
36,Male,90.3,1.65,158,1.38,Cardio,4,2,1199
29,Male,86.1,1.65,128,1.66,HIIT,4,3,1169
26,Male,73.7,1.66,125,0.93,Yoga,2,1,639
24,Female,67.7,1.56,138,1.42,HIIT,3,2,980
45,Male,78.3,1.96,167,1.29,Cardio,3,1,1066
31,Female,48.2,1.65,166,1.1,Cardio,2,1,913
48,Female,56.8,1.51,126,1.37,HIIT,4,2,777
36,Male,112.4,1.63,135,1.02,Cardio,4,2,757
33,Female,59,1.67,124,0.9,Cardio,3,1,558
22,Male,98.4,1.88,135,0.52,Cardio,2,1,386
52,Male,66.5,1.6,120,1.34,HIIT,4,2,796
29,Male,106.5,1.81,156,1.29,Cardio,4,2,1107
42,Male,88.4,1.93,158,1.68,Yoga,4,3,1314
38,Male,88.4,1.79,138,1.74,Yoga,5,3,1321
53,Female,53.3,1.74,156,1.37,Strength,3,2,962
40,Female,58.1,1.56,136,0.61,Yoga,2,1,415
33,Female,74.2,1.76,145,1.15,Strength,4,2,834
56,Male,84.6,1.63,141,1.01,HIIT,4,2,705
59,Male,78,1.92,127,0.72,Cardio,3,1,453
56,Male,89,1.68,152,1.77,Yoga,5,3,1332
31,Female,42.7,1.76,121,1.46,Strength,3,1,883
48,Male,83.9,1.82,149,1.9,HIIT,5,3,1401
22,Female,78.7,1.52,166,1.45,Strength,3,2,1204
52,Female,65.9,1.52,139,1.27,Cardio,4,2,794
40,Male,76.9,1.92,137,1.13,Yoga,4,2,851
46,Male,84.3,2,162,1.83,HIIT,5,3,1467
28,Female,62.4,1.6,129,1.1,Strength,3,2,710
35,Male,63.7,1.74,143,1.03,HIIT,4,2,810
29,Female,54.9,1.52,123,1.48,Strength,3,1,910
26,Male,76.4,1.79,156,1.17,Strength,3,2,1004
27,Male,106.4,1.86,123,1.34,Cardio,2,1,907
34,Female,68.4,1.5,132,1.37,Cardio,4,2,904
55,Male,63.5,1.86,144,1.36,Strength,4,2,969
24,Female,59.4,1.5,132,1.25,Yoga,3,2,825
30,Male,113.4,1.91,137,1.27,HIIT,3,1,957
57,Female,61.9,1.52,143,0.92,HIIT,3,1,592
59,Female,70.7,1.68,121,1.17,Cardio,3,2,637
26,Male,111.5,1.9,167,1.02,Yoga,2,1,937
44,Female,72.1,1.66,152,1.4,Strength,2,1,958
19,Male,56.9,1.87,138,0.61,Cardio,3,1,463
22,Male,86.2,1.9,128,1.91,Strength,5,3,1345
46,Male,59.4,1.68,147,1.16,Strength,4,2,844
54,Female,75.6,1.72,154,0.97,Cardio,3,1,672
55,Female,76.3,1.73,158,1.08,Yoga,3,1,768
36,Male,95.8,1.86,129,1.37,HIIT,3,1,972
25,Male,120.6,1.83,120,1.04,Cardio,3,2,686
18,Female,65.3,1.55,161,1.42,Yoga,3,2,1143
39,Male,85.3,1.89,140,0.77,Strength,2,1,593
34,Male,68,1.68,128,0.67,Cardio,2,1,472
24,Female,52.6,1.57,166,1.29,HIIT,2,1,1071
42,Male,63.3,1.77,134,1.32,HIIT,3,2,876
21,Female,76.3,1.65,154,1.14,Strength,3,2,878
53,Male,61,1.63,124,0.54,Cardio,3,1,331
23,Female,67.8,1.61,160,1.34,HIIT,2,1,1072
48,Male,114.9,1.86,141,1.36,Cardio,3,1,949
36,Male,88,1.71,160,1.87,HIIT,5,3,1646
56,Female,67.7,1.58,142,1.45,Strength,2,1,927
44,Male,124.8,1.85,126,1.35,Strength,4,2,842
27,Female,53,1.58,142,1.26,Cardio,4,2,895
43,Male,61.2,1.88,163,1.03,Yoga,3,1,831
36,Female,48.7,1.68,144,1.23,Yoga,3,1,886
56,Female,50.6,1.7,146,1.29,Strength,2,1,848
20,Female,72.6,1.73,160,1.27,HIIT,3,2,1016
30,Female,70.4,1.56,125,1.03,Yoga,4,2,644
45,Male,52.5,1.88,153,1.08,Strength,4,2,818
37,Male,76.3,1.77,128,1.36,HIIT,4,2,957
45,Female,41.2,1.58,168,1.47,HIIT,2,1,1111
25,Female,55.3,1.76,152,1.56,Yoga,4,3,1186
58,Female,49.7,1.67,125,1.38,Strength,4,2,776
56,Male,48.3,1.87,156,0.68,HIIT,3,1,525
18,Male,83.2,1.96,150,1.83,HIIT,4,3,1510
20,Male,120.5,1.73,153,1.01,Cardio,3,2,850
30,Male,121.6,2,160,1.24,Cardio,4,2,1091
45,Female,73,1.75,148,1.14,Yoga,4,2,759
42,Female,57.5,1.67,133,1.76,Cardio,5,3,1053
50,Female,42.7,1.53,155,1.41,Strength,4,2,983
55,Male,129.9,1.73,155,0.69,Yoga,3,1,529
23,Male,108.6,1.92,134,0.89,Yoga,2,1,656
49,Male,88.6,2,127,1.83,Cardio,4,3,1150
38,Female,49.7,1.51,145,1.25,HIIT,3,1,906
33,Female,56.4,1.54,155,1.06,Strength,3,1,822
38,Male,46.9,1.74,167,1.03,Strength,4,2,946
28,Female,71.3,1.67,140,1.46,Strength,4,2,1022
54,Male,71.6,1.86,147,1.14,Yoga,3,2,830
53,Male,82.3,1.61,123,1.87,Strength,5,3,1139
52,Female,70.6,1.69,135,1.36,HIIT,3,1,826
36,Male,109.8,1.62,141,0.84,HIIT,3,1,651
37,Female,73.5,1.69,131,0.54,Cardio,2,1,354
35,Male,85.6,1.85,135,1.78,Strength,5,3,1322
58,Female,74.6,1.68,159,1.03,Yoga,4,2,737
31,Female,63.2,1.8,157,0.59,Cardio,2,1,463
32,Female,62.6,1.63,161,1.67,HIIT,5,3,1344
48,Male,87.1,1.76,156,1.81,Strength,5,3,1398
18,Male,82.3,1.84,148,1.73,HIIT,5,3,1408
20,Female,64.3,1.78,137,1.71,Cardio,4,3,1171
33,Female,53.7,1.66,129,1.25,HIIT,3,1,806
40,Male,63,2,161,1.42,Strength,4,2,1257
28,Male,128.4,1.86,158,1.06,Strength,4,2,921
29,Male,88,1.89,137,1.75,Cardio,5,3,1319
27,Female,63.7,1.52,120,1.19,Strength,4,2,714
49,Male,83.7,1.87,158,1.29,HIIT,4,2,1009
33,Male,102.6,1.75,140,1.4,HIIT,3,2,1078
25,Female,77.7,1.55,120,0.55,Yoga,2,1,330
55,Male,87.5,1.88,134,1.19,Yoga,4,2,789
29,Male,87,1.86,123,1.52,Yoga,4,3,1028
41,Male,82.8,1.66,139,1.97,HIIT,5,3,1355
45,Female,65.4,1.68,129,0.76,HIIT,3,1,441
25,Female,47.2,1.71,142,0.89,Cardio,2,1,632
45,Female,58.2,1.7,160,0.95,Yoga,3,1,684
53,Female,73.5,1.55,153,1.17,HIIT,4,2,806
43,Female,55.2,1.73,165,1.67,Cardio,5,3,1240
25,Female,64.4,1.71,167,1.12,HIIT,3,1,935
45,Female,73.5,1.74,152,1.18,Cardio,4,2,807
45,Male,89.6,1.81,153,1.7,Yoga,5,3,1287
54,Male,86.5,1.76,158,1.48,Yoga,3,2,1158
58,Female,46.1,1.67,129,1.28,Yoga,4,2,743
53,Male,68.5,1.97,139,1.3,HIIT,3,2,894
44,Male,94.6,1.84,120,1.26,HIIT,4,2,748
34,Female,54.2,1.52,132,1.13,Cardio,3,1,746
26,Male,47.7,1.77,120,1.15,Strength,3,2,759
50,Male,52.2,1.84,124,1.38,Strength,4,2,847
37,Male,88.8,1.95,135,1.58,Yoga,5,3,1173
30,Male,101,1.68,134,1.46,Strength,4,2,1076
45,Male,118.4,1.95,168,1.06,Yoga,3,2,881
46,Female,47.9,1.72,147,1.41,Cardio,3,1,933
30,Female,51.5,1.74,150,1.08,Strength,3,2,810
52,Female,79.9,1.51,142,0.75,Strength,3,1,479
23,Male,121.3,1.85,167,0.72,Yoga,2,1,661
35,Female,78.9,1.64,164,1.28,Cardio,4,2,1050
22,Male,88.5,1.62,162,1.88,Strength,5,3,1675
42,Male,73.5,1.63,136,0.52,Strength,3,1,350
19,Male,127.9,1.93,168,1.27,Strength,4,2,1173
27,Male,88.5,1.98,153,1.8,Cardio,4,3,1515
47,Female,43.4,1.62,132,0.51,Cardio,3,1,303
22,Female,42.8,1.56,133,1.47,Strength,3,2,978
50,Male,64.5,1.79,130,1.17,Yoga,4,2,753
18,Female,50.7,1.53,147,1.29,Yoga,3,2,948
35,Male,59.2,1.66,161,1.3,Strength,3,1,1151
49,Female,78.9,1.73,151,1.38,Cardio,2,1,938
28,Female,78.7,1.63,154,1.1,Strength,3,2,847
38,Male,68.7,1.92,150,1.31,Cardio,4,2,1081
43,Female,53.1,1.59,136,0.82,Strength,2,1,502
42,Male,64.8,1.65,166,1.1,Cardio,3,2,904
39,Female,50.3,1.61,128,1.17,HIIT,2,1,749
44,Male,102.3,1.63,129,1.34,Yoga,4,2,856
30,Male,62.9,1.92,127,1.13,HIIT,2,1,789
50,Female,56.5,1.6,140,1.88,Yoga,5,3,1184
51,Female,74.6,1.55,132,0.71,Cardio,2,1,422
58,Male,52,1.79,169,1.12,HIIT,3,1,937
52,Female,52.1,1.67,124,1.5,Yoga,2,1,837
18,Female,72.2,1.54,125,0.97,Strength,2,1,606
38,Male,85.8,1.8,149,1.72,Cardio,4,3,1410
23,Male,81.4,1.85,150,1.6,Cardio,4,3,1320
45,Female,50.9,1.65,136,1.45,Strength,2,1,887
34,Male,52,1.78,130,1.38,Strength,4,2,987
22,Male,71,1.93,139,1.42,Yoga,4,2,1086
48,Male,80.6,1.77,167,1.51,Cardio,4,3,1248
22,Female,58.3,1.72,128,1,Yoga,3,2,640
55,Female,63,1.7,121,1.32,Strength,3,1,719
20,Male,111,1.94,156,1.02,Cardio,4,2,875
40,Female,52.6,1.66,120,1.27,Strength,3,2,762
54,Male,116.4,2,123,1.13,Yoga,3,1,688
54,Female,75.6,1.61,155,1.41,Yoga,4,2,983
27,Male,61.6,1.8,144,1.48,Yoga,2,1,1172
27,Male,108,1.8,122,1.38,Cardio,4,2,926
36,Female,59.3,1.75,128,0.99,Strength,3,1,634
34,Male,75.7,1.94,141,1.18,Strength,4,2,915
38,Female,56.3,1.6,142,1.21,Yoga,4,2,859
31,Female,58.2,1.73,131,1.17,Yoga,3,2,766
26,Male,55.7,1.68,129,1.13,Yoga,3,1,802
18,Male,125.9,1.67,153,1.46,Yoga,3,2,1229
30,Female,62.7,1.67,162,1.02,HIIT,4,2,826
21,Male,86.6,1.86,129,1.37,HIIT,3,2,972
18,Male,64.5,1.82,149,1.2,HIIT,3,2,983
57,Male,76.6,1.86,141,1.14,Yoga,4,2,796
49,Male,81.4,1.83,125,1.98,Yoga,5,3,1225
51,Male,60.7,1.71,169,1.14,Strength,2,1,954
45,Female,57.2,1.55,121,1.67,Cardio,5,3,909
48,Female,73,1.59,149,1.19,Strength,3,2,798
25,Male,123.8,1.99,121,1.13,HIIT,3,1,752
56,Male,93.6,1.66,151,1.37,Strength,2,1,1024
43,Male,76.8,1.92,161,1.24,Yoga,3,1,988
51,Female,54.7,1.53,135,1.11,HIIT,4,2,674
20,Male,92.3,1.94,131,1.14,HIIT,3,2,821
29,Female,71.8,1.55,120,1.2,Cardio,4,2,720
18,Female,66.9,1.57,127,1.07,Cardio,3,2,679
22,Female,48.7,1.76,167,1.37,HIIT,4,2,1144
47,Male,66.2,1.71,169,1.42,HIIT,3,1,1188
47,Female,40,1.76,132,0.8,Strength,3,1,475
34,Male,112.4,1.85,134,1.18,HIIT,4,2,870
40,Female,70,1.55,163,0.85,Yoga,3,1,693
32,Male,84,1.74,127,1.45,Strength,3,1,1013
54,Female,43.8,1.65,129,1.29,Yoga,4,2,749
38,Male,123.3,1.62,165,1.34,Yoga,4,2,1216
31,Female,57.9,1.56,124,1.8,Yoga,5,3,1116
19,Male,82.4,1.96,169,1.9,HIIT,5,3,1766
28,Male,84.8,1.79,138,1.35,Cardio,4,2,1025
56,Male,109.6,1.66,166,1.29,Cardio,3,2,1060
55,Male,86.4,1.77,157,1,Yoga,3,2,777
51,Female,63.9,1.8,130,1.07,HIIT,4,2,626
55,Female,70.8,1.62,162,0.54,Strength,3,1,394
51,Male,115.3,1.67,139,1.38,Yoga,3,2,950
35,Female,55.3,1.56,139,1.71,Strength,5,3,1188
47,Male,73.9,1.8,140,1.36,Strength,3,1,942
32,Male,97.3,1.96,137,1.36,HIIT,3,2,1025
44,Female,60.4,1.65,169,1.27,HIIT,4,2,966
51,Male,49.3,1.61,129,1.36,Cardio,2,1,868
55,Male,91.8,1.78,153,1.44,Cardio,3,1,1091
50,Female,73.6,1.55,145,0.89,HIIT,3,1,581
41,Male,47.1,1.78,149,1.26,Yoga,3,1,929
32,Male,65.2,1.62,128,0.58,Cardio,2,1,408
47,Male,87.2,1.64,165,2,Strength,4,3,1634
59,Male,96.7,1.71,150,0.57,Yoga,3,1,423
34,Female,46.9,1.61,161,1.02,Strength,3,2,821
22,Female,72.1,1.62,123,1.38,HIIT,3,1,849
46,Female,62.5,1.54,125,1.61,Strength,4,3,906
21,Male,110.7,1.69,133,1.06,Yoga,3,1,775
27,Male,102.6,1.83,123,1.41,HIIT,3,2,954
34,Female,64.3,1.62,145,1.76,Yoga,5,3,1276
27,Male,80.7,1.61,166,1.75,Strength,4,3,1598
34,Male,115.3,1.81,167,1.36,Yoga,2,1,1249
37,Male,87.8,1.69,158,1.81,HIIT,5,3,1573
41,Male,74.3,1.61,136,1.06,Strength,4,2,714
22,Female,78.5,1.7,138,1.36,Strength,4,2,938
51,Female,77.3,1.58,168,0.97,Cardio,2,1,733
23,Female,64.5,1.7,125,0.51,Cardio,2,1,319
19,Male,72,1.94,148,1.17,Yoga,3,2,952
30,Female,77.9,1.77,130,1.41,Cardio,4,2,916
28,Female,69.6,1.58,135,1.49,Cardio,3,2,1006
40,Male,68.9,1.99,149,1.16,Cardio,4,2,951
33,Male,45.9,1.89,144,1.45,Cardio,3,2,1148
48,Female,68.2,1.69,159,0.75,HIIT,3,1,537
28,Female,79.6,1.59,130,1.49,HIIT,3,2,968
33,Female,53.6,1.52,126,1.02,Cardio,2,1,643
25,Female,57.7,1.58,145,1.36,Yoga,3,2,986
21,Male,74.2,1.93,141,1.32,HIIT,3,2,1024
57,Female,64.4,1.56,144,1.52,Cardio,5,3,985
21,Female,54.9,1.78,138,0.55,HIIT,2,1,380
42,Male,50.3,1.64,150,0.63,Strength,3,1,468
20,Female,46.5,1.68,145,0.91,HIIT,2,1,660
49,Male,57.8,1.99,161,0.93,HIIT,3,1,741
20,Male,83,1.8,160,0.79,Yoga,2,1,695
44,Male,82.5,1.79,155,1.51,HIIT,5,3,1159
46,Female,66.5,1.73,142,1.11,Yoga,3,1,709
49,Female,70.2,1.67,166,0.93,Strength,3,1,695
36,Male,121.9,1.93,132,1.49,Cardio,3,2,1082
38,Female,70.3,1.52,144,1.19,Yoga,4,2,857
22,Female,40.3,1.56,121,1.45,HIIT,4,2,877
35,Male,101.4,1.76,121,0.84,HIIT,2,1,559
45,Male,79.2,1.95,135,1.47,Yoga,3,2,982
59,Female,75.8,1.77,128,1.46,Strength,3,1,841
39,Male,71.7,1.88,147,0.55,Cardio,2,1,445
38,Female,57.7,1.56,132,1.64,HIIT,5,3,1082
23,Female,47.4,1.6,154,0.76,Strength,3,1,585
18,Female,57.2,1.75,160,1.29,Cardio,3,2,1032
22,Female,44.8,1.72,132,1.48,Cardio,4,2,977
58,Male,90.2,1.72,150,0.9,HIIT,2,1,668
29,Male,84.9,1.72,140,1.79,Yoga,4,3,1378
43,Male,95.7,1.77,151,1.08,HIIT,3,1,807
51,Male,59,1.65,153,1.22,HIIT,3,2,924
31,Female,60.5,1.77,127,1.72,HIIT,4,3,1092
43,Female,53.8,1.72,160,1.03,Strength,4,2,742
44,Male,86.6,1.97,167,1.66,Yoga,5,3,1372
26,Female,72.8,1.67,121,1.37,Strength,2,1,829
43,Female,66.3,1.77,157,1.48,HIIT,4,2,1046
39,Female,56,1.6,151,0.89,Yoga,2,1,672
47,Male,45.9,1.93,159,1.29,Cardio,3,2,1015
34,Male,88,1.64,147,1.9,Yoga,4,3,1536
43,Male,94,1.79,156,1.31,HIIT,2,1,1012
53,Female,44.7,1.79,160,1.34,Yoga,3,2,965
18,Male,63.2,1.63,120,0.66,Cardio,3,1,436
25,Male,95.6,1.9,160,1.47,Cardio,4,2,1294
52,Male,47.8,1.86,129,1.01,Yoga,3,2,645
32,Male,85.3,1.64,123,1.77,Cardio,4,3,1197
39,Male,59.7,1.83,154,1.35,Strength,4,2,1143
31,Male,70.2,1.98,129,0.71,Yoga,2,1,504
43,Female,72.7,1.8,166,0.79,Cardio,3,1,590
45,Female,50.4,1.79,130,0.74,Cardio,2,1,433
40,Male,81.7,1.74,133,0.91,Yoga,2,1,666
31,Male,49.3,1.62,157,0.56,Strength,2,1,484
41,Female,61.9,1.64,131,1.93,Yoga,4,3,1138
19,Female,49.1,1.68,164,1.42,Cardio,4,2,1164
43,Male,66.5,1.83,136,1.11,Yoga,3,2,747
31,Male,75.5,1.93,135,0.6,Cardio,2,1,446
24,Male,88.2,1.79,154,1.76,HIIT,4,3,1491
20,Male,74.8,1.75,121,1.33,Yoga,3,2,885
40,Female,72.2,1.6,130,0.87,Yoga,3,1,566
35,Male,62.8,1.63,160,1.41,Cardio,4,2,1241
55,Male,84.7,1.79,122,1.19,Cardio,3,2,719
52,Male,116.5,1.69,148,0.53,Cardio,2,1,388
32,Male,77.4,1.92,137,1.39,Cardio,3,2,1047
42,Female,72.9,1.62,139,1.17,Yoga,4,2,732
54,Female,58.4,1.59,166,1.08,Cardio,2,1,807
45,Female,64.3,1.54,133,1.67,Yoga,4,3,999
27,Male,89.3,1.87,153,1.62,Strength,5,3,1363
56,Male,90.2,1.61,168,1.38,Yoga,3,2,1148
34,Female,59,1.62,150,1.13,Cardio,4,2,847
56,Male,58.7,1.86,159,1.09,Cardio,3,2,858
39,Male,127.5,1.82,161,1.26,Strength,3,2,1116
43,Female,68.6,1.52,137,1.42,Yoga,4,2,875
42,Female,56.7,1.53,149,1.07,Strength,3,1,717
34,Female,64.5,1.78,144,1.33,Yoga,4,2,958
30,Female,61.6,1.52,138,1.78,Cardio,4,3,1228
37,Male,75.1,1.82,127,1.23,Yoga,4,2,859
42,Male,79.3,1.93,147,1.22,Cardio,2,1,888
21,Female,72.6,1.68,127,1.19,Cardio,3,2,756
27,Male,76.7,1.7,150,0.96,HIIT,3,1,792
20,Female,44.2,1.61,122,1.08,HIIT,2,1,659
58,Female,56.5,1.7,122,0.74,Yoga,2,1,406
35,Male,100.9,1.63,163,1.1,Cardio,2,1,986
53,Female,55.8,1.55,141,1.12,Strength,4,2,711
39,Male,58.3,1.93,136,1.35,Cardio,4,2,1010
51,Male,48.6,1.77,155,1.47,Strength,2,1,1128
25,Male,81.7,1.95,136,1.94,Yoga,4,3,1451
57,Male,85.6,1.69,133,1.76,Yoga,5,3,1159
36,Female,60,1.72,128,1.63,Strength,5,3,1043
59,Male,126.4,1.69,149,1.24,Strength,3,1,915
58,Female,75.4,1.78,140,1.05,Cardio,4,2,662
54,Female,64.2,1.69,131,1.69,Yoga,4,3,996
23,Female,65.2,1.62,156,1.37,Cardio,3,2,1069
43,Female,70.1,1.66,151,0.99,Strength,2,1,673
51,Male,102.6,1.77,130,1.21,HIIT,2,1,779
23,Male,107.2,1.93,139,1.15,HIIT,4,2,879
54,Female,56.5,1.75,154,1.76,HIIT,5,3,1220
50,Female,61.6,1.75,166,1.22,Strength,4,2,911
39,Male,81.7,1.75,165,1.32,Cardio,4,2,1198
38,Female,76.6,1.58,130,0.74,Yoga,2,1,481
23,Male,116.8,1.79,127,1,Strength,4,2,698
23,Female,60.1,1.59,123,1.8,HIIT,4,3,1107
21,Male,93.7,1.73,146,1,Cardio,2,1,803
47,Female,41.6,1.58,163,1.03,Yoga,4,2,756
28,Female,55.1,1.79,159,1.99,Yoga,5,3,1582
47,Male,127.1,1.76,157,0.71,Strength,2,1,552
48,Female,69.1,1.6,166,1.34,Strength,4,2,1001
41,Female,66.8,1.74,149,1.34,Yoga,3,1,898
26,Male,125.5,1.76,163,1.15,Yoga,4,2,1031
20,Female,71.3,1.58,167,1.07,HIIT,3,2,893
48,Male,129.2,1.61,167,1.06,Yoga,4,2,876
57,Male,96.3,1.86,146,1.1,Strength,3,2,795
54,Female,67.5,1.54,140,0.72,Cardio,3,1,454
53,Female,64.4,1.55,139,1.77,HIIT,4,3,1107
41,Female,64.9,1.57,123,1.04,HIIT,4,2,576
48,Female,52.3,1.66,130,0.74,Yoga,3,1,433
23,Female,56.7,1.55,132,1.38,Cardio,4,2,911
19,Female,46.8,1.63,128,1.35,HIIT,4,2,864
37,Female,70.3,1.77,123,1.01,Strength,2,1,621
45,Male,80.8,1.76,131,1.7,Yoga,4,3,1102
28,Female,56,1.5,128,1.94,Strength,5,3,1242
21,Male,101.2,1.84,132,1.3,Yoga,2,1,944
32,Female,56.6,1.57,167,1.65,HIIT,4,3,1378
23,Female,40.9,1.75,145,0.82,Yoga,3,1,594
47,Male,127.8,1.65,157,0.77,Cardio,2,1,598
55,Female,49.3,1.76,161,1.28,Strength,2,1,927
19,Female,64.3,1.63,132,1.87,Cardio,5,3,1234
32,Male,49.3,1.62,158,1.18,Strength,3,2,1025
28,Female,63,1.62,147,0.68,Strength,2,1,500
25,Female,41.1,1.67,138,1.03,Yoga,3,2,711
43,Female,40.5,1.74,143,1.5,HIIT,3,2,965
22,Male,71,1.62,138,0.91,HIIT,2,1,691
23,Female,60.9,1.62,168,1.59,Cardio,5,3,1336
43,Female,64.7,1.66,132,1.88,Yoga,4,3,1117
21,Female,51,1.71,132,1.07,HIIT,3,2,706
36,Female,57.7,1.77,147,1.65,Strength,4,3,1213
37,Male,76.9,1.82,121,1.49,Strength,4,2,992
50,Male,80.5,1.77,129,1.85,Yoga,4,3,1181
37,Female,73.3,1.74,141,1.03,Cardio,3,2,726
29,Female,49,1.57,132,1.33,Yoga,3,2,878
18,Male,114.5,1.97,128,1.03,Cardio,3,1,725
43,Male,81,1.78,152,1.58,Yoga,5,3,1189
31,Female,53.5,1.76,133,1.22,Strength,4,2,811
55,Male,52.1,1.68,167,0.77,Yoga,3,1,637
54,Female,70.1,1.52,139,0.76,HIIT,2,1,475
28,Male,86.9,1.78,134,1.29,HIIT,4,2,951
53,Male,73.4,1.76,151,1.09,Yoga,3,2,815
30,Male,90,1.66,152,1.32,Cardio,4,2,1104
20,Male,85.7,1.92,136,1.72,Cardio,5,3,1287
50,Female,70.4,1.55,143,0.73,Strength,2,1,470
23,Male,57.7,1.71,149,1.15,Strength,3,2,942
27,Male,75.7,1.76,132,0.68,Cardio,3,1,494
22,Female,61.8,1.52,166,1.83,Yoga,5,3,1519
40,Male,80.3,1.76,167,1.63,Strength,5,3,1497
27,Male,104.3,1.68,135,1.28,Cardio,3,2,950
19,Female,65.7,1.58,121,1.46,Cardio,3,2,883
30,Male,120.3,1.96,136,0.66,Yoga,2,1,494
57,Female,51.9,1.57,151,1.05,HIIT,3,2,713
19,Female,59.1,1.57,162,1.65,Cardio,5,3,1336
37,Female,66.9,1.75,127,1.38,Strength,4,2,876
18,Female,66.9,1.75,122,0.94,Yoga,2,1,573
54,Male,78.7,1.66,131,1.42,Yoga,3,2,921
26,Female,62.4,1.61,139,1.88,Yoga,4,3,1307
34,Male,102.1,1.71,135,0.96,HIIT,2,1,713
26,Male,51.9,2,133,0.75,HIIT,2,1,549
28,Male,58.3,2,135,1.32,Strength,4,2,980
32,Male,89.8,1.92,168,1.93,Strength,4,3,1783
41,Male,101.1,1.83,162,0.79,Yoga,2,1,634
55,Male,118.6,1.72,168,0.77,Strength,3,1,640
52,Male,84.8,1.85,152,1.19,Cardio,2,1,895
47,Male,80,1.77,149,0.72,HIIT,3,1,531
48,Male,73.1,1.83,131,1.05,Yoga,4,2,681
22,Male,117.3,1.68,134,1.24,Yoga,3,2,914
31,Female,77.4,1.71,137,1.26,Cardio,4,2,863
28,Female,72.9,1.67,147,1.13,Cardio,3,2,831
26,Female,71.2,1.5,142,1.15,Cardio,2,1,816
51,Male,88.2,1.62,133,1.56,Cardio,4,3,1027
29,Female,75.6,1.8,149,1.31,Yoga,4,2,976
52,Female,57.9,1.56,152,1.66,HIIT,4,3,1135
52,Female,70.6,1.58,164,1.02,HIIT,3,2,753
18,Male,118.6,1.64,134,0.94,Cardio,3,1,693
57,Male,55.7,1.99,126,1.13,Strength,3,2,705
39,Male,102.3,1.94,134,0.89,Yoga,3,1,656
46,Male,72.6,1.87,161,1.31,HIIT,4,2,1044
25,Female,63.8,1.68,165,0.95,Cardio,2,1,784
28,Female,67.3,1.67,157,0.61,Strength,3,1,479
58,Female,59.3,1.58,165,1.97,Strength,4,3,1463
54,Female,70.7,1.57,163,1.14,Cardio,3,1,836
31,Male,86.9,1.69,130,1.72,Yoga,4,3,1230
47,Male,98.2,1.9,148,0.76,HIIT,3,1,557
52,Male,63.6,1.62,150,1.3,Strength,4,2,965
38,Female,45.2,1.68,144,1.01,HIIT,3,2,727
54,Male,117.2,1.62,143,1.04,HIIT,4,2,736
22,Male,107.4,1.74,138,1.34,Strength,2,1,1017
36,Female,59.1,1.78,121,0.85,Cardio,2,1,514
31,Female,53.3,1.64,141,0.57,Strength,3,1,402
43,Male,46.2,1.63,139,1.18,Strength,2,1,812
21,Male,67,1.61,152,1.32,Yoga,3,2,1104
42,Male,86.3,1.77,127,1.77,HIIT,4,3,1113
59,Male,85.5,1.67,144,1.99,Cardio,5,3,1418
42,Male,70.2,1.87,165,1.38,HIIT,3,2,1127
35,Male,127.1,1.62,128,1.02,Strength,4,2,718
57,Female,75.6,1.67,153,1.05,Cardio,3,2,723
25,Female,62.6,1.65,142,1.2,Cardio,3,1,852
56,Female,55.7,1.53,124,1.91,Cardio,5,3,1066
57,Male,96.1,1.74,144,1.21,Cardio,3,2,862
31,Female,76.7,1.62,127,1.39,Yoga,4,2,883
49,Male,57.2,1.89,135,1.14,Cardio,2,1,762
55,Male,69.9,1.81,167,1.2,Strength,4,2,992
50,Female,67.9,1.77,164,1.03,Yoga,3,2,760
40,Male,87.9,1.87,134,1.96,Strength,5,3,1445
32,Male,102.8,1.98,120,1.24,Strength,3,2,818
50,Female,51.8,1.5,141,1.32,HIIT,3,1,838
42,Female,57.7,1.57,122,1.83,Cardio,4,3,1005
34,Female,66.5,1.69,157,0.81,Cardio,3,1,636
50,Male,95.4,1.61,133,1.16,Strength,4,2,764
19,Female,69.2,1.6,155,1.17,Cardio,3,1,907
31,Female,66.6,1.67,137,1.02,Yoga,4,2,699
57,Male,83.4,1.65,166,1.57,HIIT,4,3,1290
57,Female,43.8,1.75,160,1.39,Cardio,2,1,1001
56,Female,64.2,1.69,137,1.99,Cardio,5,3,1227
23,Female,44.1,1.62,122,0.58,Yoga,2,1,354
23,Male,87.3,1.91,129,1.87,HIIT,5,3,1327
20,Male,55,1.6,168,1.12,Yoga,4,2,1035
24,Male,87.1,1.74,158,1.57,Strength,4,3,1364
25,Male,66.6,1.61,166,1.38,Strength,2,1,1260
59,Female,60.4,1.76,120,1.72,Cardio,5,3,929
32,Male,126.4,1.83,146,1.1,HIIT,3,2,883
46,Male,88.7,1.63,146,0.75,Strength,2,1,542
